time,temperature_C,vibration_g,current_A,system_state
0,20.397371322408986,0.7099033154879003,1.9324821725025618,normal
1,19.98938189252972,0.6386950524369153,1.9955462811794742,normal
2,20.718097501413723,0.5089445554880261,1.9407431963770216,normal
3,21.51824391752364,0.4029594833441639,1.9991538720301445,normal
4,20.212250770067193,0.6047334970420385,1.8505201200913155,normal
5,20.311857517674795,0.5590228078132624,2.0710982105453186,normal
6,21.86193128885051,0.6342789830041599,2.059721346774741,normal
7,21.31166335654351,0.5952757702522954,1.9876576785834705,normal
8,20.42101152432327,0.6574329072979003,2.144979784186301,normal
9,21.329195901997895,0.4197147182659148,2.182413075761058,normal
10,20.622612499725335,0.6976091098451489,1.9374024226019482,normal
11,20.718564312548143,0.5296399407038599,2.031279223421964,normal
12,21.382082949388497,0.8112891308937897,2.0399112677138653,normal
13,19.75477856373454,0.3966218272865648,2.031979199900255,normal
14,20.001843976810143,0.7603945704747874,2.2179210483599747,normal
15,21.02777100991392,0.5296866175193972,2.1244450477039805,normal
16,20.76256790681305,0.40228729945783276,2.126070481148329,normal
17,21.91883332678029,0.4274171248918518,1.960660579377513,normal
18,21.034951905958483,0.451947903770852,2.232934545039433,normal
19,20.724759385996677,0.5636248919602874,2.0536246320022786,normal
20,23.119610726680495,0.5784253232053249,2.1915042039475536,normal
21,21.85818122490862,0.41394499940921314,2.2210029999671264,normal
22,22.18371988908034,0.49634681116085255,2.336870811659005,normal
23,21.079941985856834,0.8213405537917795,2.077239462111825,normal
24,21.87338969808727,0.7591314755151066,1.9132556116877744,normal
25,22.485865764788908,0.5654485504511049,2.240438010434181,normal
26,21.563605827280842,0.5057005217252301,2.4087037000252374,normal
27,22.871238372942102,0.5180046990077392,2.3588927081821884,normal
28,22.175420037669372,0.5920276959095625,2.262048420635786,normal
29,22.506764684124747,0.34658111522023916,2.197735422145771,normal
30,22.34184707719166,0.46139351938649825,2.3331535551061,normal
31,24.386998350293677,0.24971238891836162,2.160348465847411,normal
32,22.97517942702161,0.5598834683907918,2.3103143428786295,normal
33,22.219415516702448,0.5970793909554112,2.317909223935093,normal
34,23.802001049774894,0.4275220306550939,2.3777697992291023,normal
35,22.244413516211637,0.736098014493505,2.5517994976672345,normal
36,23.46401423586117,0.3161351505496488,2.3188533225080445,normal
37,21.803703459036903,0.280343767968527,2.2321829443037102,normal
38,22.382058386434014,0.5336677727839958,2.2836749532986658,normal
39,23.67388608469735,0.6570647453918231,2.112159865136246,normal
40,24.177553718493943,0.7525891537186803,2.222110057300088,normal
41,23.792823773586456,0.431167360569659,2.2528430920780376,normal
42,23.630696973943703,0.6618021250146944,2.2432260792030787,normal
43,23.548329858004955,0.4942237295748939,2.31240553647776,normal
44,22.670876802200908,0.47410590500887706,2.216133027942297,normal
45,23.34075918142165,0.6325489906230009,2.4113515627136635,normal
46,23.609497083414002,0.597848431762013,2.2998102097306097,normal
47,24.883488283000705,0.26354117645236264,2.299067409775858,normal
48,24.370852473159758,0.7214810524588844,2.2670826092611596,normal
49,22.742054728169663,0.7070137031221178,2.3149326279699625,normal
50,24.466622099555316,0.4061655947735706,2.381132213792293,normal
51,23.95247428541376,0.5593705300156113,2.210786421564651,normal
52,23.770483535971927,0.5741045279424108,2.2302343257074138,normal
53,24.851118442797624,0.5391010648735861,2.263890993700954,normal
54,25.234588652421497,0.417454226923187,2.157567196916137,normal
55,25.201060895600133,0.39925649480929226,2.2077946101551005,normal
56,23.829128192304413,0.4961668893512832,2.239342533890844,normal
57,24.29579757989844,0.6759093528889046,2.371328944377497,normal
58,24.849026288981683,0.5815400231891649,2.30675616011048,normal
59,25.40346616373799,0.4444078501870841,2.296157381411163,normal
60,24.2768560395599,0.6157548065972517,2.357879024264502,normal
61,24.546969600264283,0.0727186069054887,2.2547398159024814,normal
62,23.84385201804287,0.6723148550558156,2.3029129662781576,normal
63,23.803486408688045,0.23904293318328507,2.2486406347014123,normal
64,25.440099959361486,0.44563385878953016,2.2803076638297464,normal
65,25.902782949942623,0.33204951580607844,2.1900222398766296,normal
66,24.78596740332706,0.30579777864186414,1.9986672053182342,normal
67,25.670249026790216,0.6741240181067779,2.223102346586731,normal
68,25.17863183221469,0.4298448198032163,2.3725236310052105,normal
69,24.3931718481777,0.5519755822596074,2.3163331038771755,normal
70,25.21636513434903,0.4929619131681224,2.3134655129806148,normal
71,26.173688067431375,0.5715561240834682,2.333512031259993,alerta
72,24.92863090967047,0.5115232836590383,2.211504713261489,normal
73,26.221056741709425,0.30755116637171453,2.2148853864452183,alerta
74,22.883608139416403,0.649440022917071,2.1256866702043418,normal
75,25.644996936520453,0.4259365125258031,2.147934357628482,normal
76,25.063188374468453,0.26651271520103736,2.2330090694476885,normal
77,24.758423272654703,0.43578272585511313,2.2835202471138105,normal
78,25.073117222378237,0.7251139685951467,2.140705783978339,normal
79,23.409733100812986,0.6275332613170239,2.100978275330148,normal
80,24.822130504937515,0.4477021798388211,2.1372345838764035,normal
81,25.279638774562017,0.4476113443522357,2.18833463896306,normal
82,26.17034714238908,0.4517547423173926,1.9747182117663709,alerta
83,24.565503774963766,0.8115121975341262,1.8802430021915009,normal
84,24.323421128675825,0.557290317834733,2.0454427600976133,normal
85,24.556918417394712,0.5645062470786605,1.968948897618941,normal
86,25.676770524185166,0.6545425181047764,2.0306286914839538,normal
87,25.191596781905517,0.535818373853977,2.0569967668824476,normal
88,24.48696342267446,0.46114367812689455,2.016702302984964,normal
89,25.30159698053091,0.47054752263725325,2.1974573297898035,normal
90,24.94690019386941,0.4892598110878904,2.075010478878192,normal
91,25.620461636828594,0.4944166645235238,2.0624618288069825,normal
92,24.25827250566036,0.609144431545547,2.0846774850208183,normal
93,24.53022669811636,0.5077918828710949,1.8985908869519104,normal
94,24.44919444885225,0.6098960115823369,2.106388946648018,normal
95,23.56068847993138,0.48789251298371267,1.9849021556079032,normal
96,24.935123590078287,0.5117952785474136,2.0495358186958472,normal
97,24.871919287854915,0.20026989732018385,1.8653306626241921,normal
98,24.63014836925481,0.6374491512053722,1.807199672804624,normal
99,24.39952006970893,0.5519732713846989,2.0344652575595283,normal
100,23.41419054048808,0.6497015164789478,1.980470563747106,normal
101,24.167449699400848,0.06556169327094663,1.8428412918547148,normal
102,24.185471641545483,0.8132562057171091,1.8363713612644812,normal
103,23.771714938702576,0.47906155577672394,2.026257542415476,normal
104,24.236636328204778,0.6662274225106275,1.7852451336547401,normal
105,24.639287518695998,0.3440141109311704,2.05903232701871,normal
106,25.773651128732805,0.5919160857593855,1.7953985838962898,normal
107,24.351314408448697,0.34198766552395155,1.9401227297426964,normal
108,24.362957616471625,0.4064346558956292,1.8343820194366458,normal
109,24.04096300549394,0.7871047030800179,1.918670433106364,normal
110,22.50746504685872,0.471397639885498,1.7952054852120773,normal
111,23.96161626082106,0.5326149309769584,1.8247698671202226,normal
112,23.969763793374923,0.6305101596033131,1.8367499432655876,normal
113,25.82935700008886,0.5743522831958907,1.7242340664577875,normal
114,23.64051476907971,0.5225628357715365,1.890525067259197,normal
115,23.969763934750492,0.5547441503699339,1.757315030497786,normal
116,23.633387804387063,0.8605123377857413,1.7781827565883233,normal
117,22.657381535250007,0.4913571804449622,1.6942352147839568,normal
118,24.436312080462898,0.5301648570072451,1.5302934246475899,normal
119,24.0519213439341,0.6575981594011417,1.7605178230429361,normal
120,24.01014146039019,0.6658288899436976,2.014220793568913,normal
121,22.575396042560214,0.678054545834057,1.8450105764432916,normal
122,24.34941044042073,0.5958095333043777,1.7584743706341623,normal
123,22.028672299745637,0.3285492630904275,1.7282277837598503,normal
124,23.541356964068772,0.7450147298451644,1.751152647817447,normal
125,24.744725221167766,0.32804819104719685,1.798286129345869,normal
126,22.119224187515858,0.545395319785855,1.6204459867450391,normal
127,22.376742968561295,0.38685862249709635,1.845202986548367,normal
128,22.826498274205747,0.4903792480110511,1.800848280245584,normal
129,22.259894014485145,0.549314361545522,1.796968791545957,normal
130,21.336976114254412,0.548203582317541,1.7651432234997442,normal
131,22.546158591904014,0.5632881131352927,1.7197123888599768,normal
132,21.554270103962356,0.7420566903587971,1.781805501429827,normal
133,22.694830269159873,0.5680301452270969,1.7707866172718003,normal
134,21.491333835322312,0.4633765047064027,1.673607367861266,normal
135,23.37684692518318,0.6446130752432536,1.6493807874107809,normal
136,21.419468214491097,0.6784205733386961,1.7149819331747618,normal
137,21.69677468152772,0.3158588277294512,1.8580816314836057,normal
138,22.512808971021013,0.5896100104774787,1.5779819913445707,normal
139,20.784130273358553,0.6051759113466347,1.554184454576795,normal
140,21.85690869846283,0.45536547449600123,1.7167896089942734,normal
141,22.62610402451121,0.7063560219967429,1.7051117929163715,normal
142,20.19922016888518,0.477491661945121,1.717399963919794,normal
143,21.537136715908776,0.5188364680207314,1.7248371213943208,normal
144,21.501002983704293,0.4740392263574196,1.6788303918857674,normal
145,21.82170494349176,0.5023368571372201,1.8511778010801623,normal
146,20.10935749242312,0.3355587369657197,1.5434727669862716,normal
147,19.94478463314143,0.2839923676108559,1.6224145137346757,normal
148,21.320534591964684,0.7391757594837458,1.6969672454592923,normal
149,21.042039313423828,0.37295579775225085,1.545327545816948,normal
150,20.90599432057604,0.35129114758155394,1.6947372771578513,normal
151,20.88362484275073,0.17699148295944278,1.8814656366721094,normal
152,19.963070154320217,0.40415573784657466,1.720719454784364,normal
153,20.59331371653015,0.30153653098887523,1.7453256858735486,normal
154,20.542226565788514,0.7463022740204553,1.6001724844519751,normal
155,19.636422177745356,0.6514725634013951,1.6687903921518332,normal
156,21.600574487546286,0.39677744822334143,1.6974439652515605,normal
157,20.387029601311863,0.8378653708016464,1.7080236215556344,normal
158,18.95492566757261,0.6472648230487391,1.8730801284307361,normal
159,20.333253364380887,0.4512752924737066,1.8060888734053422,normal
160,18.928383946680242,0.12508914276896405,1.6448553868360227,normal
161,20.238032515639635,0.8436413858886113,1.7866041602651825,normal
162,20.435633494480378,0.2915641299854606,1.8179928285828824,normal
163,18.752799865859544,0.25319018795646625,1.888660093209198,normal
164,20.080871567039324,0.653385564801446,1.9394241646880315,normal
165,19.54149627083296,0.8659628609508909,1.6868284831460956,normal
166,19.770336003791293,0.7076409227765778,1.7144551158389307,normal
167,20.53189352144981,0.5845863680078539,1.677213201479963,normal
168,18.720314105260805,0.5892131512497929,1.7872180227276053,normal
169,18.216234465029522,0.6280123338170461,1.8651152700796236,normal
170,18.010682946165428,0.6138392884680147,1.9252739791356175,normal
171,17.97322842041203,0.5421787135954064,1.8271992348564565,normal
172,18.46832707039088,0.5156301655927814,1.8112469394909205,normal
173,18.707649784338464,0.4906110308150716,1.8670190165182383,normal
174,18.561426698360346,0.38690531166999853,1.7771050560128705,normal
175,18.907830460780723,0.4578987384699839,2.0785042002819543,normal
176,18.16319672077994,0.24605647787069218,1.717860137996899,normal
177,19.223072672017203,0.4852490559807875,1.9063110584405016,normal
178,17.75674602268755,0.3517113339273624,2.099532996332085,normal
179,20.05364548585378,0.33446160241763434,1.9073019750620535,normal
180,18.28793166173774,0.5269841226730217,1.8971714470401728,normal
181,17.01244438072198,0.7088003429516899,1.890077298069332,normal
182,16.753149770874398,0.6377474909003469,1.9175115745303595,normal
183,17.908491067610324,0.26442490945652347,2.0826360961860244,normal
184,17.2573832349607,0.3515557795144494,1.7340262788098577,normal
185,17.922019690731208,0.6411156781982323,2.1184668206115638,normal
186,17.6451348643124,0.3526268909692536,1.8326774639097365,normal
187,17.12510044937265,0.46630502750044633,1.9583853688073425,normal
188,16.423874036901562,0.5825078148536827,1.9521201911815254,normal
189,15.808536101212487,0.35474833177045473,2.0638994971223767,normal
190,16.58349858363279,0.515806325921894,1.8552256677762773,normal
191,17.547349920062313,0.29989617576226935,2.0712325949359713,normal
192,16.95628128503462,0.40979485340731797,2.2373957237838336,normal
193,15.712476626505884,0.5479672901213806,1.9085579479853518,normal
194,16.772990078963137,0.26105093997024964,2.0737066953135197,normal
195,16.8694231078632,0.5660712106940599,1.9983377786466838,normal
196,15.782182607385067,0.4970543301609978,2.1168529348960767,normal
197,16.541752239136567,0.5828734931625722,2.085824701715204,normal
198,16.3962751705603,0.5335871201096992,2.0293137181495826,normal
199,15.367728067014127,0.7046210644960766,2.1516982851154527,normal
200,16.502217411738982,0.5187836753971861,2.2926801801500405,normal
201,16.60001191727447,0.43558916883121207,2.1023645970122495,normal
202,16.954761458406956,0.5183446254548426,2.2025054399347774,normal
203,16.86986289284094,0.5814947043554581,2.010131999956612,normal
204,14.864775762718125,0.5073290105488556,2.052590367659781,normal
205,15.15835441274585,0.5060887536805824,2.204084653526942,normal
206,16.263982345710073,0.3947012468289867,2.313691393985731,normal
207,16.207981742978795,0.4005648623673578,2.209093264195026,normal
208,16.155671144366966,0.28960920923004596,2.150285469046092,normal
209,18.774200690970076,0.7624365114780409,2.1893780060241186,normal
210,16.098833546486592,0.3134205146913073,2.072055206218665,normal
211,16.502422383002852,0.3960642203306139,2.264975651128734,normal
212,16.31078236788462,0.39223891016462037,2.2999583356233475,normal
213,16.02408595261875,0.6342386565416662,2.1734816787544546,normal
214,15.207948301205697,0.45575754825619585,2.1784092127267383,normal
215,16.02634569264734,0.68716131090106,2.25847352975875,normal
216,14.761749034754004,0.39897640636341974,2.1944283855506868,normal
217,15.15324114584178,0.5418491243335702,2.2374372185937625,normal
218,14.918954877311178,0.3746979420110364,2.459701637781677,normal
219,15.339171750568742,0.8217723691660082,2.23042841611397,normal
220,17.093716483891228,0.3218602371455731,2.2244150456835197,normal
221,13.718397808680244,0.5464731065340541,2.200323816169595,normal
222,15.733353499433026,0.5950665321398148,2.344031625893482,normal
223,13.868234232214743,0.5620698646177247,2.255724901803661,normal
224,14.756859591242582,0.47220685116834377,2.2128406590488328,normal
225,15.983509889248408,0.4805268950399861,2.413530396259723,normal
226,15.143672749818792,0.5065717207968664,2.426669685925851,normal
227,14.211915270137258,0.4779496997557267,2.2276601068710487,normal
228,14.485700772896374,0.6445818675192364,2.103721906473384,normal
229,15.587431343886406,0.8315784502387027,2.393478098739945,normal
230,14.44725167645897,0.416376232248825,2.2262893535199115,normal
231,15.194491006354355,0.2945295530631383,2.375513030079377,normal
232,15.049552163432583,0.4867576927473118,2.1008088635457023,normal
233,14.485579665877854,0.8869564006481478,2.3881168746667334,normal
234,16.71777765732384,0.3794488148045404,2.178445810684303,normal
235,15.507518930033903,0.7458675208166101,2.3730124613309185,normal
236,13.380030749023792,0.751655122111466,2.301403170599132,normal
237,15.151069251744616,0.4169617637438008,2.204288460612267,normal
238,14.476236780733219,0.5853474618777913,2.258352360378798,normal
239,15.693370440032512,0.7442594934692807,2.3667291728174376,normal
240,14.385160365074636,0.44313083885187693,2.307396919298538,normal
241,14.937133249080125,0.4694629459846457,2.3536291633519197,normal
242,15.444646036629804,0.41274786290770343,2.490884358924869,normal
243,15.746977851364248,0.34778649039607,2.1345427820824208,normal
244,14.109832237547028,0.40260836824009893,2.450091576860741,normal
245,14.820135948205579,0.31640895998566154,2.2958889074272215,normal
246,14.72741310136554,0.5051125202388839,2.1923407621716193,normal
247,14.606295364676985,0.3845040153412037,2.1456401099406563,normal
248,16.56485989495583,0.5350678867686122,2.255902132646857,normal
249,15.501958560261112,0.2666156530694559,2.362816561319334,normal
250,14.196671463216271,0.5496320348321686,2.2534333203906547,normal
251,15.968991404141983,0.6250293442413387,2.4125446704365716,normal
252,16.963656079647063,0.20093965361428168,2.1112621034213284,normal
253,16.125026170447775,0.5561084854771359,2.2498364327293623,normal
254,14.118561144950302,0.6841503488709938,2.1201927247340984,normal
255,14.983539330068337,0.3185538471963192,2.275909322049544,normal
256,16.423176546002964,0.7508858580256554,2.3220827996812905,normal
257,14.884069172196423,0.5628528514049068,2.184906505464734,normal
258,15.84763726268521,0.3942482216362387,1.9598977436995209,normal
259,16.156468845602298,0.4916346383513441,2.233305612204391,normal
260,14.841182344136769,0.5837490368782583,2.249939219707269,normal
261,15.582838405505449,0.5114008087118618,2.2393202445208247,normal
262,13.08692454551937,0.5808133988669554,2.3148734234155013,normal
263,14.91163599875985,0.36189896103809505,2.076381740929934,normal
264,15.582006769603387,0.5254041236054117,2.2434967684125735,normal
265,14.840436243308615,0.287942825464253,2.286519003742716,normal
266,17.200857809589074,0.48331609079769494,1.9810167523158047,normal
267,14.808723615398398,0.36441385378028157,2.182271439529263,normal
268,15.660327891083892,0.389670508611535,2.0911520285683887,normal
269,16.17807770638497,0.6854139762815656,2.124524213642092,normal
270,17.289196193472954,0.6636965180891403,2.1584031939263606,normal
271,15.051725636398643,0.5913707181360766,2.065734393672263,normal
272,17.196703937384907,0.33615308529911314,2.037580983731235,normal
273,16.34161044383739,0.4525387325457797,2.099144750453608,normal
274,15.6169347150591,0.6819646549968775,1.977476275603502,normal
275,16.841981151558656,0.5212575370459858,1.9679939475104367,normal
276,16.70311389847314,0.8478994309972541,2.134804302525725,normal
277,16.13664281761568,0.5589976759091557,1.942203794786358,normal
278,16.74696139302683,0.5288073674735048,2.113867252561941,normal
279,16.458495761229678,0.4536325303696248,2.083595456337514,normal
280,16.93448068683939,0.5200311357173424,1.854814497787365,normal
281,17.451554013366405,0.4771295245429184,1.949667112786976,normal
282,18.27007680894606,0.6062163015032885,2.1268435679407447,normal
283,16.091624293923484,0.6435053475191876,1.8993168664269993,normal
284,18.87008394008017,0.3821015809238076,1.9409966367070122,normal
285,15.68490204739381,0.3003150569663333,2.023660753186647,normal
286,17.209160592013315,0.22456919403450554,2.045836363767317,normal
287,17.886326543200518,0.5761986990368816,1.93242218396528,normal
288,17.726584078603516,0.33449500907391894,1.8879509461639419,normal
289,17.090748025418865,0.17706641105712756,2.080122948413151,normal
290,17.51049130264539,0.5582867906796446,2.102028934440663,normal
291,17.371598990245786,0.8739499276149185,2.0163576171548967,normal
292,17.38441213777765,0.499089363269016,1.9174270488371392,normal
293,18.626347436145117,0.6257736161677463,1.8185933030650243,normal
294,18.323861268814767,0.5122744037821347,1.8070118205687649,normal
295,17.576288999640298,0.4851665520213286,1.933066206145387,normal
296,18.943412100406388,0.6378614724481653,1.9135455678455393,normal
297,18.563397824408764,0.4564588183717023,2.0028990911620466,normal
298,19.062346864710996,0.5401088471107854,1.9189702250753866,normal
299,19.01089436107092,0.548254670929402,1.6949654598882005,normal
300,17.939726500267714,0.3997864319535427,1.941988428505481,normal
301,18.25106771069008,0.6488063524304784,1.728689104250898,normal
302,19.393857758427814,0.4737560364956887,1.7819900833179527,normal
303,19.381610992954972,0.3866382260760733,1.8374988259573048,normal
304,18.97432807104804,0.5804764765355606,2.004345486720854,normal
305,19.183049385286544,0.3652298027313444,2.1082874181831874,normal
306,20.20982184055497,0.5042271736053693,1.8507098996355555,normal
307,18.81326017134004,0.49863215050336945,1.764693232951445,normal
308,19.82330792940328,0.6628843348747367,1.829679835233665,normal
309,19.323234384377397,0.5712047349319929,1.858459799658309,normal
310,19.41040802333074,0.4962459561882284,1.7313483527773135,normal
311,20.563305120356688,0.6226649448800431,1.9369199569413396,normal
312,20.44447365314678,0.708531132352597,1.7746591351934442,normal
313,20.534891558838613,0.5836715459527794,1.7959555227147483,normal
314,21.028456536757773,0.5015528929765071,1.807584788303833,normal
315,20.100872575727955,0.3032245651474761,1.7782499330699446,normal
316,20.729594264165105,0.3402329505386941,1.815377435735465,normal
317,20.035707256260626,0.45421629434679983,1.6654485048833527,normal
318,20.64302895345335,0.4085731696761075,1.667337198121555,normal
319,20.37920316466294,0.4719543045521831,1.6094530635246378,normal
320,20.660342796246642,0.5084974887345661,1.7600313960105904,normal
321,21.15806697005752,0.5794539131535096,1.790903145470155,normal
322,20.126287361129283,0.4894251832911363,1.7560338527185864,normal
323,22.553383951120786,0.5729752465739303,1.8752747877634883,normal
324,20.17291867030296,0.509671162221518,1.705159529097148,normal
325,20.104249050208892,0.2036800150469193,1.770813831559289,normal
326,22.099525778540453,0.35909969092718685,1.593319038875004,normal
327,21.903335175020466,0.47838686664175767,1.6626591537606468,normal
328,21.865760828526785,0.31854578857383387,1.7701346786460481,normal
329,21.965054769560773,0.5899893094994306,1.7850355499275534,normal
330,21.547909399289356,0.7296126248515546,1.6706062432683708,normal
331,20.93460871383789,0.6828142777545975,1.69305391123663,normal
332,21.80710030818866,0.4679835693604688,1.5489704250382565,normal
333,21.29807318365223,0.7236089205274928,1.6659313034581424,normal
334,22.7125083343336,0.5223001185803168,1.7918804505577184,normal
335,21.90660369788128,0.4494371043322941,1.7619006913191064,normal
336,21.454879228280976,0.407989600468859,1.756313253392726,normal
337,21.948349612433617,0.45462954702678077,1.7134169038748241,normal
338,22.625102595308952,0.44177347721881566,1.7116626309988956,normal
339,21.93215906340132,0.5255624333563231,1.6477621110820286,normal
340,21.812790439239897,0.5240860971574797,1.786832953915608,normal
341,22.751956381173294,0.5004569030230122,1.7625177639566665,normal
342,22.838396956601635,0.5655407254619524,1.7734033270998772,normal
343,22.321229312904606,0.6785969412179512,1.6756853452853113,normal
344,22.43322268500906,0.6424331203161986,1.5173437981641256,normal
345,23.07783877182711,0.2772653047325145,1.847079618768841,normal
346,21.814720000213782,0.11691182976470677,1.6944586498072873,normal
347,21.927015870033653,0.640147986685891,1.6613291265387942,normal
348,22.55680977460633,0.2949681952376868,1.8224993127007867,normal
349,23.03813310800519,0.46628518971609745,1.7197691268870747,normal
350,23.533659046072348,0.3244830460910961,1.8710507845336852,normal
351,24.539946201973947,0.22970293436299705,1.8331055197819597,normal
352,24.11917334209981,0.5812194092307182,1.846363606850437,normal
353,23.377106062207247,0.613873274045397,1.6482594895289835,normal
354,23.56045318647464,0.4135234398909921,1.9131368731055034,normal
355,22.842821708919132,0.11134365617826353,1.8253860952320318,normal
356,23.6977558501851,0.4180633327621276,1.7698749183609634,normal
357,23.54787562914916,0.558770600810382,1.8288977130631152,normal
358,24.10170209922925,0.2781632646838807,1.6448976037088439,normal
359,23.244929847136394,0.5275039879668734,1.871545849305841,normal
360,24.383816530638704,0.49770352262405065,1.7360909737816625,normal
361,25.254567884098126,0.5868937249401632,1.712287493536666,normal
362,23.99979477239038,0.517937055262123,1.7040143692015797,normal
363,24.46496373962833,0.35403965886776667,1.976374598138612,normal
364,24.75084364361379,0.6794857252496737,1.8111847626972755,normal
365,23.931206725634155,0.4762205640459545,2.036629078087345,normal
366,24.483210924942842,0.49590431907351024,1.8389510690237216,normal
367,24.364043179080895,0.36000980613902056,1.7311897265076084,normal
368,24.480400926604236,0.43350766232127347,1.7997763467623222,normal
369,23.830382164667427,0.3672795928959649,2.0446116245909534,normal
370,24.513148618465287,0.47405809101148655,1.9151300524359827,normal
371,24.93489224308228,0.7567562720213514,1.885657519014625,normal
372,25.73854709039148,0.29421482856029657,1.966320569950786,normal
373,25.38435646724576,0.2579657903184889,2.0103847159648494,normal
374,26.376946660244815,0.7206755491240413,2.0818782298911502,alerta
375,24.076121833563256,0.46860144842722007,2.1249533537839325,normal
376,25.42157964546731,0.39963908920101254,1.9541137539616877,normal
377,24.902230566626226,0.6559857031094114,1.8674840470827467,normal
378,26.53733097517622,0.4091576690394704,1.9687403980540135,alerta
379,24.16686753523873,0.7739014570320404,2.046101856655323,normal
380,24.167820886412812,0.6016888807008903,1.9336625030429109,normal
381,24.38424066561985,0.4268132887781446,1.9442545209364783,normal
382,23.18684918728127,0.8235962319898256,2.0842352107744566,normal
383,24.485618412977203,0.40914276154949925,2.0548226067598474,normal
384,24.317210541114846,0.611314305801396,2.0727326470716205,normal
385,25.061156198565968,0.5448938870609737,2.0032913568774235,normal
386,25.228594178443178,0.6952611934098197,2.0657008355629802,normal
387,26.46849228793979,0.7342266795090279,2.0058190173144776,alerta
388,25.738273949848114,0.504800622359865,2.19665444957202,normal
389,24.524800109921408,0.3869873194480725,2.2204322357138597,normal
390,24.27398498979434,0.5689958214408675,1.941431324824183,normal
391,25.390648736377845,0.39834269453718407,2.042101791123955,normal
392,23.94332472712336,0.8020080871289934,1.994252672870824,normal
393,26.465076461132764,0.5204802996624106,2.087596045871022,alerta
394,25.9418598036209,0.4452017673031837,2.152777945141945,normal
395,24.619366187515098,0.5277020458797362,2.024501515378182,normal
396,23.61860027199267,0.2979310565705455,2.0854360730996353,normal
397,26.064611404026657,0.35425789422340226,2.0851849947031105,alerta
398,24.880294698938606,0.6800620861916638,2.214059960628975,normal
399,25.950603990827258,0.40146585815429064,2.207805362362606,normal
400,23.671249106081415,0.34296335259770905,2.1360117050393916,normal
401,24.4517528560854,0.5804979128790929,2.2329507835404643,normal
402,24.91793704015386,0.6778556231994495,2.167444758527008,normal
403,24.93185033000553,0.60784299659976,2.2015445574992833,normal
404,24.512779611338782,0.6494071528708725,2.4023984803384986,normal
405,25.34772900010343,0.3864807367145809,2.375181433144521,normal
406,23.970030061459383,0.28672839998872346,2.116991357594627,normal
407,24.682970581447286,0.725200047793323,2.3354625134900475,normal
408,24.86393975362239,0.45159802417367967,2.338888199906108,normal
409,25.14817637655765,0.4623750475317429,2.147895127581245,normal
410,25.272944685869977,0.6992291212773587,2.34928024713011,normal
411,23.76908518561796,0.583434501410099,2.4255796145337936,normal
412,23.404786140895332,0.5683831658122411,2.1636139250524393,normal
413,25.61564478416743,0.8247503517351626,2.187893614489517,normal
414,24.818943045312324,0.40347226544297854,2.3848748475175814,normal
415,23.912069939536224,0.6391760192121856,2.3134085000602673,normal
416,25.707743798728778,0.5085519687345627,2.34423882857446,normal
417,24.51353830594385,0.5402888418294886,2.3256611720585423,normal
418,25.316844385465885,0.7292702639618798,2.332858919377948,normal
419,24.378080158704197,0.5761753634434436,2.1630027889589134,normal
420,25.921592880346992,0.580744411857445,2.401913977370606,normal
421,25.624487240417583,0.6608761005964703,2.4153432389909484,normal
422,23.966575244143574,0.4452570905685672,2.276315691033744,normal
423,24.886869077071495,0.37411854989914906,2.295445121642989,normal
424,24.568135039224895,0.34327862089684497,2.1468870452647892,normal
425,25.08734080914333,0.20504651159359977,2.351294949997047,normal
426,23.159501157220564,0.8084310694910484,2.3566137399863227,normal
427,24.41771293269882,0.3345187451417475,2.292394770785868,normal
428,24.651495696073543,0.4668119564621342,2.4099233226725425,normal
429,22.332127007635957,0.4584780050166619,2.26262386618439,normal
430,22.725378679237945,0.5461110046713651,2.3507068909353412,normal
431,21.97199789452201,0.6223605818808945,2.1901676634800022,normal
432,23.31781501112374,0.6290710232539618,2.287342117877359,normal
433,24.035917836184574,0.4125383842146592,2.269503286667701,normal
434,24.590928518638258,0.47493174293203827,2.3063920928830104,normal
435,23.374121974746735,0.542386992573245,2.243515823774069,normal
436,24.54221596605462,0.46269633107246794,2.2636168702372688,normal
437,22.05842405599092,0.7411018364029989,2.355356972868456,normal
438,21.7217160041211,0.5736462427457377,2.2247609279183296,normal
439,22.960666801873156,0.6102316679074726,2.1031665013780714,normal
440,23.23183832361025,0.5994321903001119,2.433876350810948,normal
441,22.816741374060076,0.6760210786227987,2.3918694572119286,normal
442,21.106117579615763,0.527153233805556,2.1190219792767424,normal
443,22.604845323446348,0.305475207806623,2.3114674229077035,normal
444,21.547565429200993,0.5599531927628962,2.186178143157461,normal
445,23.040842321353455,0.40229646593122564,2.256540593213853,normal
446,22.711344123539476,0.42070749773753646,2.2530747909853512,normal
447,21.57815574800247,0.587954602813264,2.193423624821961,normal
448,21.83002810083357,0.6857424607150453,2.131458926925033,normal
449,21.30391645605768,0.5031907365104092,2.133519347921026,normal
450,22.010449148390244,0.5463249518898445,2.1034671604990107,normal
451,22.733187225753426,0.7553322416952857,2.104200287575057,normal
452,21.08818587233388,0.5361129769232852,2.1727526522343457,normal
453,22.18694658020592,0.8902524671270593,2.0997830619869213,normal
454,21.265732471518383,0.5848264468447316,2.231262465800301,normal
455,20.961193545936887,0.23588558612662736,2.303298915136014,normal
456,21.41478259386178,0.6130012431656798,2.0879142825191352,normal
457,20.57652795122101,0.5571737577324166,2.1610432458788607,normal
458,20.865555422215568,0.6934629131124118,2.178102173689697,normal
459,20.253402237258538,0.6009772026904937,2.166222399031111,normal
460,22.68622967683435,0.47923160240243395,2.117373973397488,normal
461,21.044959666281162,0.31635526455659513,2.1746809983504236,normal
462,20.358860986538847,0.46864651140709623,2.1391604022917763,normal
463,20.991350445440645,0.37242193186860495,1.9575909852031503,normal
464,20.63150114534962,0.4129214825292916,2.1586041657373785,normal
465,20.44549643790873,0.5882867606630915,2.1506693283080134,normal
466,21.014265109452918,0.750485675652711,1.9757945033246065,normal
467,21.02938838361145,0.5592007294734471,2.046041857239788,normal
468,19.899262416399406,0.32061754069472237,2.10065899497094,normal
469,19.763160399867957,0.5666904002330211,2.00143682116821,normal
470,19.903835769545474,0.6794947229968477,2.119683264081201,normal
471,18.182352781162173,0.4085325643520927,2.2387762045977175,normal
472,18.711739893309,0.47989742499906235,1.9137911935546372,normal
473,20.917425629028674,0.5022032292093795,1.844294633183511,normal
474,21.040004285045654,0.382265253037664,2.002809804492183,normal
475,19.425015566045854,0.5972420650765788,2.0346436796573335,normal
476,19.98585454881281,0.48185777770883276,1.9295019527483739,normal
477,19.674163832750455,0.5629298665860542,2.088068491919847,normal
478,21.78905301347921,0.36687617332968503,1.7990992947069566,normal
479,20.122662565128167,0.43438125495148844,1.9925436682052382,normal
480,19.026032020700487,0.6083572036741657,1.8530429229245913,normal
481,18.265645841250173,0.4440750271862349,2.0760399536062586,normal
482,17.64702119316025,0.7590445776850108,2.0939333995739617,normal
483,18.997476328158708,0.44005457215780963,1.8087129160664626,normal
484,18.13261809563127,0.5337027088627829,1.821246917188758,normal
485,17.503393900267145,0.6398886247809634,1.953123015308998,normal
486,18.027980239773527,0.28724514006004526,1.8195603391015087,normal
487,17.584623708682866,0.2358786782028836,1.8449989191717586,normal
488,19.70481901852642,0.2711515528144858,1.8435126821571612,normal
489,18.966319050706087,0.6893876155140773,1.6406170029942007,normal
490,18.161226240687064,0.41722127811613297,1.822997022716154,normal
491,19.258889707273106,0.8837298928502378,1.7473996130110367,normal
492,18.044929085274248,0.4153628602013917,1.7592557130556385,normal
493,17.20291388042043,0.5276826954795556,1.945339483054186,normal
494,19.020190501021975,0.7313164928851813,1.6679549976797943,normal
495,18.143448566071118,0.8009139332238684,1.867784915964061,normal
496,16.794067940864938,0.8092255364954597,1.7516640542505453,normal
497,17.38408867743481,0.6812549345889714,1.7449251906979322,normal
498,16.74934519607342,0.6536093788717193,1.8455315660448817,normal
499,16.258100222968103,0.5888790423801775,1.7943521014593171,normal
500,18.020836483578464,0.6167541614249956,1.8115271237745696,normal
501,18.724070201697025,0.41732214255072,1.845675932647362,normal
502,15.99544662189864,0.37727016748665393,1.7103972922397903,normal
503,17.48359410319157,0.4994938313883572,1.6772600634302015,normal
504,16.432809364384735,0.4744723066212607,1.6252148372697688,normal
505,16.484946448523832,0.4320157926009087,1.6467308182570568,normal
506,16.323305051624853,0.6044581171185073,2.02002407629551,normal
507,16.02988207997288,0.6432957812855766,1.8457307542533683,normal
508,16.685058029176677,0.5132610329437771,1.5826132013025787,normal
509,15.907988123789146,0.7216295121582893,1.5822462986883448,normal
510,16.716992022656157,0.32874663287997424,1.759767358607982,normal
511,16.389714122304778,0.4709510811080423,1.763716326406324,normal
512,16.169452210758188,0.39247665190957925,1.761610639109264,normal
513,15.56672146422142,0.22001950743904103,1.6792849191201373,normal
514,15.764999916616828,0.48759789712359514,1.6906213066703053,normal
515,16.76588393184269,0.4817378737425075,1.7346707034858255,normal
516,16.498993991833345,0.7270174614863196,1.7095192808168542,normal
517,15.254465980327558,0.5946217526832166,1.478379441285032,normal
518,16.055811298026047,0.3463719763506192,1.6770419725115813,normal
519,16.51889983806687,0.7781138849501282,1.6149270272520653,normal
520,14.525343429674633,0.683155054328803,1.7179677749655422,normal
521,16.240288921428448,0.5873146555202924,1.9996843019888817,normal
522,15.221912577089006,0.46602738517252523,1.7389503524062406,normal
523,16.1566004745686,0.35608411449147803,1.6722238571954962,normal
524,15.039344063961622,0.44416898358934204,1.7974609445517356,normal
525,14.157615519610035,0.6633122929556279,1.755580987080474,normal
526,14.252816393655475,0.7826879458901914,1.7516782299679703,normal
527,15.548425445706009,0.7314865292408284,1.7730329831826448,normal
528,15.674638591307197,0.4266725867320589,1.9210010071075168,normal
529,14.702123586722571,0.33205738500664833,1.6055727860705225,normal
530,15.896996858957868,0.5211329370366806,1.7696523855089366,normal
531,14.019298336576353,0.23473409516557225,1.6335871520644907,normal
532,15.25990257415568,0.5484751571277172,1.7860167829165723,normal
533,14.310080310884741,0.4778596120551997,1.6431365753820462,normal
534,14.725439621818621,0.43009452471976367,1.698102664793817,normal
535,15.254743855702191,0.2607945399099807,1.715453514982858,normal
536,14.50032384326833,0.5770400159854575,1.8479506873488714,normal
537,14.85476419099345,0.4200948740507133,1.8478983108957947,normal
538,15.943131936679771,0.3245124746434568,1.6374360072181102,normal
539,14.654217952720387,0.06916066800775261,1.7737204456790763,normal
540,15.763872539319657,0.49587276424240456,1.70374584049358,normal
541,14.173102574335342,0.7658377395004616,1.6555804321948662,normal
542,15.484229795923449,0.7491888821821805,1.7666991475578755,normal
543,16.199135525205257,0.4314355615120592,1.764757591487768,normal
544,13.0560407853593,0.4096681909457329,2.0457096202620337,normal
545,14.385302529091732,0.5703161384112536,1.8539848818930422,normal
546,15.475929589364608,0.3502421841217563,1.680788403202691,normal
547,14.845282957707305,0.5452687849729199,1.7701355990559773,normal
548,15.300080189890798,0.6149120417577035,1.937006809596267,normal
549,14.517418234453071,0.6840399835826462,2.052151700398973,normal
550,15.069320797224803,0.4849768885280071,1.6933221216900076,normal
551,14.876949676101548,0.4694489374734551,1.672705561797862,normal
552,15.93915894768013,0.3683026119865158,2.0567268309156095,normal
553,15.213909767010986,0.375967946894021,1.917668885977522,normal
554,15.287890800283488,0.466028166214771,1.8010901069163339,normal
555,14.697735486082083,0.5551048260224267,1.9507187230713599,normal
556,14.648569506952574,0.6370376939349874,1.6431316245487328,normal
557,14.706009835240513,0.3795231573979483,1.9165981830609655,normal
558,15.382999110158584,0.7239032853439282,1.9586900187633223,normal
559,14.748003781634349,0.4593314598436147,2.0280645014421106,normal
560,15.335931239760543,0.49679490584773456,1.8440489855497668,normal
561,16.785710271293276,0.3879182481278265,1.9638690083960761,normal
562,15.845517452408902,0.13636396095905878,1.8726692028698753,normal
563,14.9129674094558,0.6326068094541575,2.0007000643894712,normal
564,16.161856339605016,0.610526584563865,1.8956046755001874,normal
565,14.903443452072313,0.45780086643226797,1.9543233530863884,normal
566,13.630330645862333,0.5100486075837308,1.9055514335808725,normal
567,14.487183353488067,0.5773908826556149,2.080240430524409,normal
568,13.831723469907326,0.2656181214670186,2.1109489452834547,normal
569,15.083719418910555,0.4206420983980558,2.0115909133319296,normal
570,15.418092075028262,0.6191397019432741,2.0487869623948884,normal
571,16.78477298279345,0.31185658652461257,1.9099642595625268,normal
572,15.747253283277082,0.5440336898249944,2.0346550651022266,normal
573,15.354324867767774,0.29651272930648925,2.0693298006907135,normal
574,16.238811760589975,0.569964497365029,2.3460745002361265,normal
575,13.853830879351548,0.4946537776553775,1.982350097944968,normal
576,15.860433449946063,0.2577302276141736,2.249412202521212,normal
577,16.33956780104208,0.6747109031685757,2.2120136064022757,normal
578,14.592651284495997,0.3898112634802926,2.149599822882517,normal
579,16.744857886434676,0.3784621344478428,2.3064716565313814,normal
580,16.156654151151987,0.5300853795846414,2.176748472700832,normal
581,15.611274669658565,0.6722956024143073,2.187227134551061,normal
582,16.509001013200802,0.3476267271532405,2.1516076642455544,normal
583,17.880199162592103,0.5092519774771957,2.2877107932405676,normal
584,16.271581725993624,0.5643224750495859,2.2832512942811674,normal
585,16.3886585494451,0.6039658410894716,2.119094232166259,normal
586,15.888110635600256,0.5264662332915838,2.0575930035373746,normal
587,15.64273884482146,0.44494582413750167,2.1768648655882674,normal
588,17.055368884022222,0.37586146690269207,2.124585229580676,normal
589,15.776162572242924,0.5129215824569562,2.2054354850923032,normal
590,16.589627565889902,0.339179148202159,2.3424953144075564,normal
591,16.222980565781825,0.06179742747580891,2.1797418590969655,normal
592,17.06238024299664,0.5654839706236502,2.227659708865057,normal
593,17.02154420300494,0.6355902261629293,2.2439566533435387,normal
594,17.661362721478824,0.14556013466872425,2.32894520947266,normal
595,16.501301319731038,0.34854039429350936,2.025089729776391,normal
596,16.77263439633835,0.5928731391507797,2.1945076694695107,normal
597,16.285947823815242,0.8086243204567548,2.2814215994204474,normal
598,16.79512101764964,0.5031190561513111,2.3851274691595794,normal
599,17.535132589173482,0.39079955881562983,2.2204611220614243,normal
600,17.922726303314107,0.47256553383427397,2.086228304614101,normal
601,16.664319475980903,0.7062314628722277,2.3397826413138483,normal
602,18.18369194139973,0.4031053731313197,2.2178945284731917,normal
603,18.659477725976455,0.380121199002462,2.165770700185332,normal
604,17.993645575819826,0.42758847167269515,2.225293080303326,normal
605,19.253199327373448,0.35700070876119316,2.2719456689351043,normal
606,17.222495607083236,0.5184005473992194,2.2322716888762715,normal
607,16.93643085319026,0.7437017687704341,2.0742122568604686,normal
608,16.60063317677203,0.5484618909674044,2.3861706988658518,normal
609,19.312690115040972,0.46214697468105687,2.4253174258786445,normal
610,18.7323461138991,0.45622830966266836,2.3640170719628815,normal
611,18.258101209736573,0.26552137869550146,2.185799215529963,normal
612,18.620938154959166,0.6324664665720738,2.279788716648049,normal
613,17.59160751682788,0.4883244204480797,2.299322592546826,normal
614,20.544239019515036,0.47292801296140613,2.3595577426644216,normal
615,18.787217988751173,0.9789661351767291,2.3658829871554476,alerta
616,18.8680869322385,0.5448129362548529,2.2246699471483184,normal
617,19.45840220435968,0.38723134248572233,2.3049940939351967,normal
618,19.36026296879152,0.4360463605691685,2.3409000488471086,normal
619,19.252639285093114,0.6722668563795132,2.438803772160165,normal
620,18.539599558402205,0.5169905615806647,2.3613959539425218,normal
621,19.647932062866662,0.284258303252395,2.3672514860881866,normal
622,20.87544691606333,0.6378843401862805,2.2938086429567646,normal
623,20.545485358202992,0.39977838716915093,2.4232349468831376,normal
624,20.843232958179797,0.7809946664326318,2.319614849819122,normal
625,19.259417972099047,0.6620072098571973,2.188669747320299,normal
626,18.97654615278615,0.4329017156511873,2.410950222245967,normal
627,19.76753267356849,0.692152454260267,2.335937585861608,normal
628,20.012727073492695,0.5101783265791104,2.217081198073274,normal
629,20.943498033169856,0.6279160512683329,2.2083842434704914,normal
630,18.81414353233383,0.5727099225941712,2.280654246074893,normal
631,21.491658665533823,0.373046501751369,2.29169946304688,normal
632,20.241408061171345,0.4034675251523807,2.259221881749324,normal
633,20.12595837329791,0.6544941226371742,2.264469115884616,normal
634,19.75724159921008,0.44978370018401886,2.3969203386365945,normal
635,19.342274869607095,0.4394527305137005,2.3274131539406056,normal
636,21.42366532674993,0.35673161309759704,2.232411925998297,normal
637,20.922445844469546,0.5635398598390191,2.3003319213108586,normal
638,19.930139856993186,0.8093787378864717,2.095571878386708,normal
639,20.02397783459957,0.33987006286185906,2.231019483839752,normal
640,20.888921366075593,0.5036329185009137,2.3643474693980844,normal
641,22.58981161478001,0.7118330833123143,2.153598522851889,normal
642,21.143464761468298,0.48805379131314275,2.08243112319339,normal
643,20.244626490953294,0.5678557694374601,2.0935912763761024,normal
644,21.345970576021198,0.34064097077796807,2.041266082390101,normal
645,21.419193339890327,0.5642460645811473,2.0630155101154886,normal
646,19.57401512268678,0.47192836024931767,2.0955460074283634,normal
647,21.781548198489237,0.6478594993519795,1.9829979155727673,normal
648,21.732966152896108,0.6781079077347126,2.1159369808914423,normal
649,22.566641494331694,0.8884345463027921,2.195296323150335,normal
650,23.58000006008948,0.5869449759820363,2.00486971394599,normal
651,23.092405683360766,0.548869447487325,2.2380441877624957,normal
652,22.065484750619152,0.5291576452366004,2.1275697923309256,normal
653,21.48390481153646,0.44702505607839677,2.1698384484523325,normal
654,24.51539559796896,0.5507725765192537,1.9912125473534177,normal
655,22.59068206907346,0.4556897884791456,2.132600815265636,normal
656,22.64003303286659,0.5252691464404421,1.9280548101985207,normal
657,22.694120286334257,0.6976396303411939,2.1163314749436055,normal
658,22.955333589358617,0.34901861520805383,2.0345188454650387,normal
659,22.763704166906,0.6709817841693568,2.0626689608804956,normal
660,22.501437968031926,0.6975672601009798,1.8797851466503936,normal
661,22.6028713900764,0.4822897209513382,1.8978413414793316,normal
662,23.09293079354885,0.1817217651487108,2.0370889221407613,normal
663,22.76192084769157,0.40882670193583515,1.8725742209503562,normal
664,22.702632671689525,0.6945491819841664,2.00380878048566,normal
665,23.43299299313653,0.4965697906551677,1.81090073154668,normal
666,23.217467455311073,0.3501046651557634,2.0226164950846393,normal
667,24.696875504305666,0.4242837618157674,1.8048004097075552,normal
668,21.443739725053284,0.6260930039756829,1.97361633631577,normal
669,24.50712975293138,0.5820100352302069,1.971373710721286,normal
670,24.69874760376035,0.4641601851245459,1.8296590224775917,normal
671,22.109641739782386,0.44497633822779686,1.9481762862987764,normal
672,23.559171035065052,0.4412362776434267,1.9067775213969258,normal
673,23.599602324819266,0.3616384723252246,1.8177412812088198,normal
674,22.832620919077197,0.7423063534204163,1.7618047953484206,normal
675,23.396668782685406,0.45165192961829903,1.6575850770945892,normal
676,23.1891457990239,0.6825737781238245,1.8801624099660823,normal
677,25.536476184551127,0.7281974077883677,1.6802388740316418,normal
678,24.938602089942005,0.6497466347221941,1.8379567234112617,normal
679,25.2610270291477,0.43525695309229273,1.7939712583918543,normal
680,24.87314672551707,0.5605595135504914,1.8803237643915307,normal
681,23.442875512085774,0.49637065904136257,1.7745067583511396,normal
682,23.975070181988652,0.36444472089048074,1.7642853184623677,normal
683,24.832997693984748,0.5486538922582405,1.8631612353546438,normal
684,23.508830907879982,0.32314403132602965,1.8164573760951381,normal
685,25.10017245568022,0.6781519082692345,1.8077857197553404,normal
686,24.378942100476138,0.43030740540524104,1.8165641107035198,normal
687,24.310946060404248,0.5301739483809259,1.6098033018866644,normal
688,25.217326708841977,0.5424931807319213,1.8330254531080479,normal
689,25.03986604978952,0.4611642539443884,1.8128491253547008,normal
690,24.429705414565262,0.5880040702212912,1.644465565889799,normal
691,25.678077808105076,0.42876445150662135,1.716539511525249,normal
692,23.91599873928142,0.6306945946185867,1.7321183196703034,normal
693,25.301921046847674,0.2981030479629877,1.7179941112139223,normal
694,25.310053122694825,0.5189569369319618,1.7605228956930352,normal
695,24.612400355523686,0.7908393498587427,1.8662698397533832,normal
696,25.143465365220184,0.3499503013091638,1.827613698208921,normal
697,23.9022365682908,0.3983382544212723,1.5848306777448344,normal
698,25.660956341139524,0.5770861774488373,1.7751906356676497,normal
699,24.79045168472651,0.5269372672909397,1.8431268856827199,normal
700,24.53485836205912,0.5525945148910338,1.7464862557980536,normal
701,25.804926395065532,0.5733780695221495,1.814799926850148,normal
702,24.41294007648643,0.5952082202842655,1.9051523771338819,normal
703,23.858351506694152,0.6664549762934335,1.8048486768002356,normal
704,23.746528738080112,0.5614727985392769,1.7262915210799668,normal
705,25.4813549048161,0.46381135180721866,1.8050842390146564,normal
706,23.974919776425157,0.6008860551804097,1.714611568211724,normal
707,26.40381528004485,0.7849822902342823,1.7023936485816258,alerta
708,23.333153158877288,0.48010493804261395,1.6650757787876385,normal
709,26.35257911851753,0.35382060429940376,1.8571054575047736,alerta
710,25.158947237343906,0.6660621003930459,1.6198006278147792,normal
711,24.905486027010596,0.48194282540696026,1.8560911161986648,normal
712,24.537651423815447,0.17409956809789456,1.7543817366976548,normal
713,25.281636393136264,0.6271132515725633,1.566334106664951,normal
714,24.918975683269554,0.4197007721069116,1.745225395575983,normal
715,25.816501326986284,0.4864200076543759,1.5009774604659538,normal
716,25.008044838321705,0.5497970495853521,1.7763716613447835,normal
717,25.01774042704746,0.52857495196686,1.8055027037725324,normal
718,24.58548661228472,0.6064177725708559,1.6612170937647155,normal
719,24.807746761721457,0.4346770444145235,1.7365911721457865,normal
720,25.074530297860036,0.5769658697264124,1.9237422347730417,normal
721,23.433208539492394,0.4610679983624124,1.682143741324692,normal
722,23.69392881352004,0.6108215721331255,1.6315165254435091,normal
723,25.33631339678139,0.592305122601958,1.890554239463281,normal
724,24.84572282479741,0.3596841946933107,1.9439134425031679,normal
725,24.527288608541273,0.6628973174262548,1.7535714725480651,normal
726,24.652797499618543,0.4196054832328928,1.860169585532649,normal
727,24.87783563469696,0.6212086697421717,1.8992599772914083,normal
728,24.127842596622816,0.555093097010201,1.697214028304559,normal
729,23.895062831669318,0.7757275515192683,1.7295358409398451,normal
730,24.630632064780666,0.4664801026442222,1.9080044187402052,normal
731,23.645717364629515,0.44760248058227037,1.9605078972639247,normal
732,24.7077062101222,0.4970870591168401,1.8556151399040282,normal
733,22.969973157801157,0.4545230325748587,1.7188891523254328,normal
734,25.10456782843604,0.6199912852913075,2.013334801001998,normal
735,24.606812141645108,0.2575534087345118,1.7694956512592663,normal
736,24.379357343025,0.3419476371280469,1.7972401150572486,normal
737,24.904815984827017,0.33982956176312107,1.8733368625755864,normal
738,25.393524984973084,0.6425461387960364,2.003047064954291,normal
739,24.813499309126065,0.7565920058872888,1.9417258474824475,normal
740,22.468560951811266,0.48433261721937926,1.9066716473053016,normal
741,22.855279391667732,0.4746767415214984,1.9205205781898413,normal
742,23.315215206411967,0.5105078244669772,1.8876895939805638,normal
743,23.770546035088884,0.6742817453912285,1.9484280928076518,normal
744,24.096903718364224,0.3608970298714139,1.6490534543991529,normal
745,23.033811697037105,0.5357553474102178,1.8818529053687953,normal
746,23.69400469020492,0.6462796444673644,1.9452483429366982,normal
747,22.869051674553113,0.5751641254909767,1.8157048798598305,normal
748,22.91152122295737,0.5284372424898115,1.9792056335632444,normal
749,22.20142378394391,0.6501569138850711,1.9299592167948372,normal
750,22.51285260389686,0.09451515605011446,2.1358420448022173,normal
751,22.093477523327245,0.6016812979296361,2.127528696734626,normal
752,22.31624272472049,0.40188864753088643,1.9336114948983552,normal
753,23.860732148431815,0.2254050654715315,1.9750956150440768,normal
754,22.17796989687578,0.5766803899287472,1.9927828748132776,normal
755,24.961890000169852,0.7060487817744436,1.9650097315816069,normal
756,23.167991653703226,0.4793827228058462,2.039664920160455,normal
757,22.837449918697118,0.6429311820804409,1.9542985568123625,normal
758,21.918062685791664,0.7418417386982968,1.9269961010683032,normal
759,23.079122838824798,0.697237168037607,2.1122151234511746,normal
760,21.971483183278778,0.745994679405709,2.122727837785989,normal
761,22.44174704000512,0.6113191236607838,1.9891077713172942,normal
762,24.303414938503156,0.5113150458352389,2.168762099491601,normal
763,22.088805398855435,0.25970512821542474,2.025667971274306,normal
764,22.994511757958268,0.4630906267805077,2.123642769636925,normal
765,21.421161725552352,0.37351301070257126,2.189751907467896,normal
766,21.863528387281587,0.8256414076246721,2.113627835073433,normal
767,23.215219419761713,0.4736171281351495,2.1716047922510464,normal
768,21.20334558901347,0.5184807210176728,2.0834892138938597,normal
769,23.060536460669447,0.5827228064060701,2.124336864222704,normal
770,22.08179333209289,0.506540366955868,2.13208895688121,normal
771,20.970026315963835,0.7542576560646129,2.0865388196479175,normal
772,21.829765899912804,0.4066025957398322,2.151861901512797,normal
773,22.0051937221264,0.5291911182855864,2.022831791882299,normal
774,21.62741774225222,0.3886294121452928,2.1365351319218013,normal
775,19.77615763377662,0.30199662331689414,2.1649135829248145,normal
776,20.352582385040048,0.4082346363642072,2.1753189123875556,normal
777,20.63785822887648,0.4944444804427382,2.184099655888595,normal
778,20.67757306754528,0.435604666322411,2.2091541265295307,normal
779,21.134609324277307,0.3961368530189216,2.270116610353753,normal
780,20.680929062243823,0.28905238044922493,2.316219242557133,normal
781,19.37097388966848,0.4875341641056958,2.170131926442511,normal
782,20.643713078686588,0.27429194389534967,2.120868070148954,normal
783,20.728192997962328,0.6140083945534404,2.142795458997114,normal
784,20.58763047736914,0.5123659629401754,2.2038169337124787,normal
785,20.904440499373383,0.2813672750802604,2.222601848723511,normal
786,20.60695551663748,0.4536186384425205,2.185764717323521,normal
787,20.207187802530168,0.38717653916141254,2.1378310676288113,normal
788,19.683801176498516,0.547876176562877,2.226211930337188,normal
789,18.31135902840488,0.7010675669034717,2.2940459554100032,normal
790,19.88416032416766,0.2187241295531383,2.339178989465335,normal
791,19.60713767980942,0.5172539118721126,2.2273957646675515,normal
792,19.558995978587134,0.47598008066500397,2.2449857461334655,normal
793,18.221342724986183,0.6007010114675698,2.196445090253159,normal
794,18.279207923396513,0.5319794942356534,2.288479187832461,normal
795,19.888229375795376,0.38720460023917713,2.2089644295120934,normal
796,18.916098611888675,0.4521419096500073,2.3529778399947987,normal
797,19.395399823593145,0.38059612147947663,2.118607688902004,normal
798,18.7757704022837,0.6614010707897897,2.262430464918105,normal
799,18.68033578575477,0.5031967473007913,2.3293717425902787,normal
800,19.311110461455474,0.785178602862951,2.31817955536628,normal
801,18.0521759640573,0.4909008779278069,2.569301489255156,normal
802,18.447050672975628,0.39373898496343057,2.3348468440522163,normal
803,17.906128041898885,0.27294284110807593,2.1989969461193484,normal
804,17.834835110060954,0.22952904856160827,2.28905890676456,normal
805,17.842305215305043,0.2623796085491765,2.119851870814679,normal
806,18.175324870823374,0.5400689976517226,2.2879572030738817,normal
807,17.523394821782585,0.5763087534844901,2.2109233686234697,normal
808,18.820611899767126,0.26282139469518,2.3836529073863177,normal
809,17.01080800580841,0.6342557471114173,2.2347202169516702,normal
810,17.488392752678585,0.42754084224748407,2.2752361869418265,normal
811,17.198446254290406,0.5220189517978324,2.2202767660315854,normal
812,18.62113431619129,0.7418330942383137,2.4543221167076403,normal
813,17.535131283093772,0.6345258973798298,2.2446055684651345,normal
814,18.118747356689852,0.4597204028141252,2.455970963842918,normal
815,16.021290345136528,0.3663211661877069,2.349812861225988,normal
816,17.340961842052256,0.17722768980060427,2.311988591228756,normal
817,17.757758284692727,0.392127002113637,2.295746402824527,normal
818,17.03179439760675,0.46833046417584584,2.2930563773794583,normal
819,17.739478636895416,0.35192307092732245,2.0554311122440523,normal
820,16.395635828179966,0.4803114549361543,2.21455600295132,normal
821,17.86059296265066,0.5115277824438152,2.32093675401189,normal
822,18.497188642077457,0.4662716027287882,2.2252451874432486,normal
823,16.29409115489445,0.40249961287648106,2.0830741882321777,normal
824,16.155618055847146,0.5252982007950091,2.2115625811204342,normal
825,17.603780869848546,0.5662910974354114,2.3801825611220786,normal
826,17.635207743158592,0.3364401383835731,2.327197105938481,normal
827,15.885190074881722,0.7116398569619405,2.188818470354281,normal
828,15.900735272433025,0.4852117801573607,2.282458068330726,normal
829,15.946368864462038,0.5028274434417271,2.142748601480527,normal
830,15.032679198501086,0.6062321634884835,2.0008989936236445,normal
831,15.311317758186846,0.5349824196895252,2.0705361019567188,normal
832,15.182507861575996,0.6429704950869868,2.310787050961254,normal
833,15.312769200786118,0.5430686247802736,2.118442690524649,normal
834,15.842075263644773,0.40813439380393435,2.112685393705756,normal
835,16.001662895930483,0.5542255287809152,2.0980695303906436,normal
836,17.000833668246923,0.3284410689019007,2.309354299024011,normal
837,14.909587975662628,0.5162839558664785,2.2722916776209927,normal
838,16.445283695587328,0.4950155014033309,2.322207082526071,normal
839,15.437926081772455,0.46878247140911905,2.0749463448268384,normal
840,15.522593864370531,0.48071937328416037,2.1108341853670702,normal
841,16.056843175662195,0.21772264317535417,1.9199380586073427,normal
842,14.57542585971003,0.4176912638388558,2.2095467824583657,normal
843,15.737957667196136,0.5139267351711672,1.935257691446974,normal
844,15.525445157254811,0.52397845879961,2.0638376976454422,normal
845,15.748340947534677,0.3458487288611063,1.9225075429371978,normal
846,15.549669583182894,0.6898561761297051,1.9633929510014387,normal
847,17.24840211542525,0.3700737727678249,1.9285704756886937,normal
848,14.741683623856973,0.6454185800790105,1.9415126160886045,normal
849,14.796690841466079,0.5640791542807527,1.9383887397269344,normal
850,14.694500119462404,0.4030659035234295,1.9274835520762104,normal
851,14.722077711300141,0.7662966338914268,2.0556728975298215,normal
852,14.63192992260026,0.320954475236528,1.8519130328648192,normal
853,16.070376266524264,0.6378731260415003,1.9745550353655295,normal
854,16.234842126929234,0.6500873477064467,2.0644511602871414,normal
855,14.623077939592202,0.3994069686385033,1.8815536714926215,normal
856,14.396994826569541,0.7088697950096493,1.8513740600641897,normal
857,15.425190823081767,0.4624930228101571,1.8904914910790929,normal
858,14.593439746091393,0.5433040443919785,2.0219905322708116,normal
859,15.530709285795288,0.5390482758156832,1.9140094691473368,normal
860,15.177838086473061,0.4798536887794178,1.832175072913979,normal
861,13.79603394966834,0.6216212409739673,1.924509400346642,normal
862,16.241759456356892,0.6190233080828319,1.756855382869502,normal
863,16.43758191866215,0.2377202040142729,1.9263310816289918,normal
864,14.509772894124996,0.6956510364317229,1.8903239404640044,normal
865,14.690966596686156,0.2506262017946489,1.8101176893026607,normal
866,15.232943637548711,0.6548819306512486,1.7486520463306712,normal
867,15.276938470153173,0.6690057705241375,1.735640705779365,normal
868,15.54332635374051,0.3363550354677203,1.8697838978467185,normal
869,16.633765801233874,0.4383778568068123,1.9313976704736278,normal
870,14.895145315651597,0.3341442997271097,1.7371790600332304,normal
871,14.411151482026648,0.4677618454566897,1.8393799104156152,normal
872,13.961400093543368,0.4537948573721388,1.5776993209069463,normal
873,14.4971516343076,0.6169490798404009,1.7210383415196466,normal
874,15.074401454427893,0.6965463119179413,1.7697372903048403,normal
875,16.557516263473442,0.7093525716184934,1.6754702839938085,normal
876,14.730699060332626,0.4156747960132547,1.6666429189231562,normal
877,15.348678607799911,0.46861671893832085,1.6876368472979937,normal
878,15.183302152855395,0.24748427116685745,1.7780281694964282,normal
879,16.175868671462375,0.37911949002557166,1.7247491639262413,normal
880,17.277323451108277,0.6447277449646186,1.5146171050746395,normal
881,14.86360357551897,0.7423374235322348,1.5216189708438788,normal
882,14.931152741027104,0.31484766921801166,1.668547099751227,normal
883,16.19430955380227,0.41113036112706586,1.770847731252336,normal
884,15.9426269467331,0.49603913645616093,1.4464794828985548,normal
885,16.914453611632904,0.542024173822941,1.6677175598819507,normal
886,15.94602939937844,0.3785594720117531,1.6618400502644182,normal
887,15.23506066354046,0.5636091566696134,1.8503901040745208,normal
888,16.040416628342655,0.4289240979393626,1.6704660987165578,normal
889,16.502026839674336,0.49783215936825814,1.7450024706335823,normal
890,16.320374847529987,0.581942637200555,1.7188904331862913,normal
891,16.120467801368278,0.5009633404716407,1.4900972270429194,normal
892,16.620361885496262,0.4345421164210147,1.7786935510220654,normal
893,16.75652529823149,0.48355852941112537,1.7224626559812124,normal
894,16.982554219506564,0.4867455561191997,1.7511323224833741,normal
895,16.453182351764273,0.44449834551768086,2.092644645343232,normal
896,15.85953365246867,0.46118059059993466,1.4916582762117405,normal
897,16.171215396228796,0.7397970755757075,1.8729211557769665,normal
898,17.08124636025527,0.5841379171911858,1.672421460360358,normal
899,15.526238922764968,0.45567795229562597,1.7309458310390426,normal
900,16.54000241323994,0.6045431606766103,1.699039288242017,normal
901,15.997170947294986,0.4499270765365985,1.662873764986761,normal
902,16.40309130054634,0.6759686956379962,1.6503484080742308,normal
903,17.472558290884304,0.5554463288297141,1.7426420339171593,normal
904,16.673797447758638,0.4839046783993657,1.5606557856657615,normal
905,16.630580410747417,0.5671575388715416,1.7904326228509975,normal
906,15.579421820429136,0.2643685771897251,1.6770730374213905,normal
907,17.339518179896817,0.3309848796635292,1.6093158507903773,normal
908,17.33541421628649,0.3209112490401417,1.6812603073520005,normal
909,18.627414541155627,0.5214414642145561,1.8562194489190509,normal
910,16.72961330000618,0.7598772499227637,1.6815133643017237,normal
911,17.231390900880214,0.8346950219288949,1.7757289457006478,normal
912,17.33698986899078,0.5957076652161135,1.6719136586646544,normal
913,18.48200279777089,0.5751266712416685,1.8262104703677322,normal
914,17.227472946853247,0.22984133987708916,1.824655345733628,normal
915,17.611674272482613,0.41859893003989673,1.9469227114924557,normal
916,17.96056652110225,0.38183243721376414,1.7507270411892564,normal
917,17.710339139915224,0.4068728602623326,1.84162796280224,normal
918,17.291683024555404,0.4747784272122816,1.7912985236044163,normal
919,17.892820422005165,0.4291864133454309,1.9180509996040678,normal
920,18.686077289528335,0.20310502844363187,1.7237876528603877,normal
921,17.096452214339173,0.61218653841763,1.877605504434391,normal
922,18.115365663867355,0.33908854613902906,1.7912880770565172,normal
923,17.54101512076409,0.5358870296166725,1.8122020721139187,normal
924,19.15003045399361,0.811112400462496,1.8358607351111178,normal
925,17.06904738382492,0.3620923112620365,1.8601666770018905,normal
926,17.934748125038066,0.12045687158805057,1.8317602638289896,normal
927,18.778591022294645,0.4570993667179834,1.8734690198300192,normal
928,19.824785916100517,0.6651439452497856,2.018588472413276,normal
929,18.61588268861273,0.7937521181330891,1.968255278632415,normal
930,18.320972069962338,0.31556756083213744,1.9657041656527703,normal
931,20.36720007157391,0.5745048834854782,1.8424478168781526,normal
932,17.801461095457103,0.430203431482992,1.8084151806914956,normal
933,17.298841287508196,0.48410774685437963,2.002320870295464,normal
934,19.508288282878613,0.8966515020525552,2.003950600854658,normal
935,18.85336149144692,0.27455445074072704,2.073261036676698,normal
936,18.537044753435985,0.538060949224186,1.8753261753143107,normal
937,20.02000068017593,0.570153975764815,1.9225710520857777,normal
938,19.74785927505135,0.662867948740902,1.791439702233923,normal
939,19.201237847698984,0.5146974730206343,1.9260527729127417,normal
940,18.72807827667145,0.5462075809256154,2.0749072517242757,normal
941,20.5502077695315,0.44125271488673135,1.93857847712187,normal
942,20.47238206184069,0.5403690411867661,2.0592702207400517,normal
943,19.972878751931802,0.44852115867538844,1.986171464924815,normal
944,21.629506476194052,0.5932357834784077,2.047621211215773,normal
945,19.396045625973134,0.4445584495934549,1.9104231977259574,normal
946,19.131509019958273,0.5565650590853279,2.0436621210912995,normal
947,19.8980776514867,0.4956105779472533,1.7459373763221815,normal
948,20.514629609379288,0.6689075376158252,2.036221102877978,normal
949,20.845043864972723,0.4922909414617271,1.9016621333439654,normal
950,20.556397202029697,0.2340451297689678,2.195035755651109,normal
951,21.129744363898748,0.6892882251070988,2.161821186207157,normal
952,19.945243276996678,0.36414015487060714,2.1402982819882688,normal
953,22.199482691962316,0.40193504920267703,2.255178514352376,normal
954,21.076328483866945,0.4106508058934762,2.017518427012355,normal
955,22.133007705185303,0.7061657139756226,2.296353697821305,normal
956,21.60997727845684,0.17964886790319567,2.2239087154822785,normal
957,21.797291237127425,0.970662280048999,2.115961014184592,alerta
958,21.983221410066758,0.6584085213599078,2.2619504263462202,normal
959,21.98048241530225,0.5334858371193739,2.046366068361012,normal
960,22.23075285199351,0.49176589990755704,2.08297658821974,normal
961,22.873469138046218,0.5428331112286485,2.1128178249438325,normal
962,22.060212484831638,0.5781683642569008,2.1288348630048324,normal
963,22.562285817424787,0.5967823378925086,2.08393079962604,normal
964,22.014583511683902,0.5833406699005173,2.3195381684688283,normal
965,23.328920574224043,0.5134371021882873,2.1787685955790868,normal
966,21.72529699327106,0.47039923695390107,2.2471013339897885,normal
967,23.795840680185577,0.47730900745197324,2.1617771340262477,normal
968,22.410697468347117,0.47076375794709785,2.0434702718918096,normal
969,21.38496214521282,0.6700655145300597,2.2590041027090084,normal
970,22.71781235771711,0.5890335083421293,2.0469828821551665,normal
971,22.155188002030084,0.058941704800357986,2.2372903364445604,normal
972,23.456164693691164,0.5983851164794641,2.1129963417090525,normal
973,22.34405777472151,0.5292104292078162,2.45395198926104,normal
974,22.590570890686486,0.4971936865331154,2.351473648902919,normal
975,21.516066763841582,0.4417222320366671,2.2757365061908974,normal
976,22.744824965167787,0.6686169079979021,2.3960609490119444,normal
977,21.24529460464641,0.6421289693184287,2.1892882095594675,normal
978,21.993730135775223,0.38406834982645865,2.332192944071168,normal
979,23.94433415061309,0.5610578430686802,2.301442560384406,normal
980,24.038458227261344,0.3542514898188071,2.3111673298912487,normal
981,23.82263594263516,0.2930572752816604,2.414988099896601,normal
982,22.779747910042694,0.40599241631150523,2.363669692617391,normal
983,23.58479738681862,0.6293590208574138,2.3216379215281218,normal
984,23.688272949362773,0.642968756806413,2.1292966195864125,normal
985,22.831175325406708,0.576962813014594,2.2004730326790525,normal
986,25.0257947175735,0.6087643680271996,2.285569678721196,normal
987,24.588645728562554,0.5774267430672437,2.308209816054124,normal
988,23.772109726444818,0.4037777607165572,2.1865521628089075,normal
989,24.030935406335537,0.5647883817010911,2.5411073319305326,normal
990,24.23507493389357,0.6200614287841524,2.451612963557537,normal
991,22.49229545196089,0.6131436994720362,2.3598860106378834,normal
992,23.983605881518336,0.6783370057211964,2.3062455448134456,normal
993,23.689752346606614,0.6062455770801596,2.2768564038140036,normal
994,23.4863416151314,0.5527172311312374,2.2015897305853023,normal
995,24.113340268899574,0.6605225357474641,2.302904177447453,normal
996,25.825217374489853,0.496021811112641,2.318978007731953,normal
997,24.946835323057986,0.3677188023158423,2.1667475736179376,normal
998,24.022537117960024,0.4755399554084354,2.3217389317892447,normal
999,24.98107407821477,0.38826460327903267,2.26987271675356,normal
